,Survived,Sex,Age,SibSp,Parch,Fare,class2,class3,cabinA,cabinB,cabinC,cabinD,cabinE,cabinF,cabinG,cabinT,cherbourg,queenstown,southampton
347,1,0,29.69911764705882,1,0,16.1,0,1,0,0,0,0,0,0,0,0,0,0,1
674,0,1,29.69911764705882,0,0,0.0,1,0,0,0,0,0,0,0,0,0,0,0,1
791,0,1,16.0,0,0,26.0,1,0,0,0,0,0,0,0,0,0,0,0,1
836,0,1,21.0,0,0,8.6625,0,1,0,0,0,0,0,0,0,0,0,0,1
56,1,0,21.0,0,0,10.5,1,0,0,0,0,0,0,0,0,0,0,0,1
62,0,1,45.0,1,0,83.475,0,0,0,0,1,0,0,0,0,0,0,0,1
762,1,1,20.0,0,0,7.2292,0,1,0,0,0,0,0,0,0,0,1,0,0
561,0,1,40.0,0,0,7.8958,0,1,0,0,0,0,0,0,0,0,0,0,1
383,1,0,35.0,1,0,52.0,0,0,0,0,0,0,0,0,0,0,0,0,1
881,0,1,33.0,0,0,7.8958,0,1,0,0,0,0,0,0,0,0,0,0,1
457,1,0,29.69911764705882,1,0,51.8625,0,0,0,0,0,1,0,0,0,0,0,0,1
175,0,1,18.0,1,1,7.8542,0,1,0,0,0,0,0,0,0,0,0,0,1
319,1,0,40.0,1,1,134.5,0,0,0,0,0,0,1,0,0,0,1,0,0
94,0,1,59.0,0,0,7.25,0,1,0,0,0,0,0,0,0,0,0,0,1
312,0,0,26.0,1,1,26.0,1,0,0,0,0,0,0,0,0,0,0,0,1
392,0,1,28.0,2,0,7.925,0,1,0,0,0,0,0,0,0,0,0,0,1
733,0,1,23.0,0,0,13.0,1,0,0,0,0,0,0,0,0,0,0,0,1
412,1,0,33.0,1,0,90.0,0,0,0,0,1,0,0,0,0,0,0,1,0
506,1,0,33.0,0,2,26.0,1,0,0,0,0,0,0,0,0,0,0,0,1
346,1,0,40.0,0,0,13.0,1,0,0,0,0,0,0,0,0,0,0,0,1
58,1,0,5.0,1,2,27.75,1,0,0,0,0,0,0,0,0,0,0,0,1
619,0,1,26.0,0,0,10.5,1,0,0,0,0,0,0,0,0,0,0,0,1
472,1,0,33.0,1,2,27.75,1,0,0,0,0,0,0,0,0,0,0,0,1
521,0,1,22.0,0,0,7.8958,0,1,0,0,0,0,0,0,0,0,0,0,1
438,0,1,64.0,1,4,263.0,0,0,0,0,1,0,0,0,0,0,0,0,1
269,1,0,35.0,0,0,135.6333,0,0,0,0,1,0,0,0,0,0,0,0,1
845,0,1,42.0,0,0,7.55,0,1,0,0,0,0,0,0,0,0,0,0,1
147,0,0,9.0,2,2,34.375,0,1,0,0,0,0,0,0,0,0,0,0,1
13,0,1,39.0,1,5,31.275,0,1,0,0,0,0,0,0,0,0,0,0,1
344,0,1,36.0,0,0,13.0,1,0,0,0,0,0,0,0,0,0,0,0,1
354,0,1,29.69911764705882,0,0,7.225,0,1,0,0,0,0,0,0,0,0,1,0,0
636,0,1,32.0,0,0,7.925,0,1,0,0,0,0,0,0,0,0,0,0,1
116,0,1,70.5,0,0,7.75,0,1,0,0,0,0,0,0,0,0,0,1,0
711,0,1,29.69911764705882,0,0,26.55,0,0,0,0,1,0,0,0,0,0,0,0,1
453,1,1,49.0,1,0,89.1042,0,0,0,0,1,0,0,0,0,0,1,0,0
890,0,1,32.0,0,0,7.75,0,1,0,0,0,0,0,0,0,0,0,1,0
14,0,0,14.0,0,0,7.8542,0,1,0,0,0,0,0,0,0,0,0,0,1
445,1,1,4.0,0,2,81.8583,0,0,1,0,0,0,0,0,0,0,0,0,1
197,0,1,42.0,0,1,8.4042,0,1,0,0,0,0,0,0,0,0,0,0,1
768,0,1,29.69911764705882,1,0,24.15,0,1,0,0,0,0,0,0,0,0,0,1,0
32,1,0,29.69911764705882,0,0,7.75,0,1,0,0,0,0,0,0,0,0,0,1,0
753,0,1,23.0,0,0,7.8958,0,1,0,0,0,0,0,0,0,0,0,0,1
206,0,1,32.0,1,0,15.85,0,1,0,0,0,0,0,0,0,0,0,0,1
394,1,0,24.0,0,2,16.7,0,1,0,0,0,0,0,0,1,0,0,0,1
826,0,1,29.69911764705882,0,0,56.4958,0,1,0,0,0,0,0,0,0,0,0,0,1
143,0,1,19.0,0,0,6.75,0,1,0,0,0,0,0,0,0,0,0,1,0
422,0,1,29.0,0,0,7.875,0,1,0,0,0,0,0,0,0,0,0,0,1
586,0,1,47.0,0,0,15.0,1,0,0,0,0,0,0,0,0,0,0,0,1
311,1,0,18.0,2,2,262.375,0,0,0,1,0,0,0,0,0,0,1,0,0
340,1,1,2.0,1,1,26.0,1,0,0,0,0,0,0,1,0,0,0,0,1
226,1,1,19.0,0,0,10.5,1,0,0,0,0,0,0,0,0,0,0,0,1
607,1,1,27.0,0,0,30.5,0,0,0,0,0,0,0,0,0,0,0,0,1
373,0,1,22.0,0,0,135.6333,0,0,0,0,0,0,0,0,0,0,1,0,0
195,1,0,58.0,0,0,146.5208,0,0,0,1,0,0,0,0,0,0,1,0,0
553,1,1,22.0,0,0,7.225,0,1,0,0,0,0,0,0,0,0,1,0,0
487,0,1,58.0,0,0,29.7,0,0,0,1,0,0,0,0,0,0,1,0,0
575,0,1,19.0,0,0,14.5,0,1,0,0,0,0,0,0,0,0,0,0,1
365,0,1,30.0,0,0,7.25,0,1,0,0,0,0,0,0,0,0,0,0,1
679,1,1,36.0,0,1,512.3292,0,0,0,1,0,0,0,0,0,0,1,0,0
482,0,1,50.0,0,0,8.05,0,1,0,0,0,0,0,0,0,0,0,0,1
580,1,0,25.0,1,1,30.0,1,0,0,0,0,0,0,0,0,0,0,0,1
191,0,1,19.0,0,0,13.0,1,0,0,0,0,0,0,0,0,0,0,0,1
127,1,1,24.0,0,0,7.1417,0,1,0,0,0,0,0,0,0,0,0,0,1
560,0,1,29.69911764705882,0,0,7.75,0,1,0,0,0,0,0,0,0,0,0,1,0
358,1,0,29.69911764705882,0,0,7.8792,0,1,0,0,0,0,0,0,0,0,0,1,0
307,1,0,17.0,1,0,108.9,0,0,0,0,1,0,0,0,0,0,1,0,0
18,0,0,31.0,1,0,18.0,0,1,0,0,0,0,0,0,0,0,0,0,1
835,1,0,39.0,1,1,83.1583,0,0,0,0,0,0,1,0,0,0,1,0,0
542,0,0,11.0,4,2,31.275,0,1,0,0,0,0,0,0,0,0,0,0,1
748,0,1,19.0,1,0,53.1,0,0,0,0,0,1,0,0,0,0,0,0,1
377,0,1,27.0,0,2,211.5,0,0,0,0,1,0,0,0,0,0,1,0,0
669,1,0,29.69911764705882,1,0,52.0,0,0,0,0,1,0,0,0,0,0,0,0,1
424,0,1,18.0,1,1,20.2125,0,1,0,0,0,0,0,0,0,0,0,0,1
211,1,0,35.0,0,0,21.0,1,0,0,0,0,0,0,0,0,0,0,0,1
446,1,0,13.0,0,1,19.5,1,0,0,0,0,0,0,0,0,0,0,0,1
308,0,1,30.0,1,0,24.0,1,0,0,0,0,0,0,0,0,0,1,0,0
202,0,1,34.0,0,0,6.4958,0,1,0,0,0,0,0,0,0,0,0,0,1
150,0,1,51.0,0,0,12.525,1,0,0,0,0,0,0,0,0,0,0,0,1
8,1,0,27.0,0,2,11.1333,0,1,0,0,0,0,0,0,0,0,0,0,1
878,0,1,29.69911764705882,0,0,7.8958,0,1,0,0,0,0,0,0,0,0,0,0,1
90,0,1,29.0,0,0,8.05,0,1,0,0,0,0,0,0,0,0,0,0,1
884,0,1,25.0,0,0,7.05,0,1,0,0,0,0,0,0,0,0,0,0,1
671,0,1,31.0,1,0,52.0,0,0,0,1,0,0,0,0,0,0,0,0,1
279,1,0,35.0,1,1,20.25,0,1,0,0,0,0,0,0,0,0,0,0,1
819,0,1,10.0,3,2,27.9,0,1,0,0,0,0,0,0,0,0,0,0,1
7,0,1,2.0,3,1,21.075,0,1,0,0,0,0,0,0,0,0,0,0,1
20,0,1,35.0,0,0,26.0,1,0,0,0,0,0,0,0,0,0,0,0,1
783,0,1,29.69911764705882,1,2,23.45,0,1,0,0,0,0,0,0,0,0,0,0,1
59,0,1,11.0,5,2,46.9,0,1,0,0,0,0,0,0,0,0,0,0,1
342,0,1,28.0,0,0,13.0,1,0,0,0,0,0,0,0,0,0,0,0,1
172,1,0,1.0,1,1,11.1333,0,1,0,0,0,0,0,0,0,0,0,0,1
10,1,0,4.0,1,1,16.7,0,1,0,0,0,0,0,0,1,0,0,0,1
216,1,0,27.0,0,0,7.925,0,1,0,0,0,0,0,0,0,0,0,0,1
182,0,1,9.0,4,2,31.3875,0,1,0,0,0,0,0,0,0,0,0,0,1
779,1,0,43.0,0,1,211.3375,0,0,0,1,0,0,0,0,0,0,0,0,1
106,1,0,21.0,0,0,7.65,0,1,0,0,0,0,0,0,0,0,0,0,1
489,1,1,9.0,1,1,15.9,0,1,0,0,0,0,0,0,0,0,0,0,1
640,0,1,20.0,0,0,7.8542,0,1,0,0,0,0,0,0,0,0,0,0,1
80,0,1,22.0,0,0,9.0,0,1,0,0,0,0,0,0,0,0,0,0,1
317,0,1,54.0,0,0,14.0,1,0,0,0,0,0,0,0,0,0,0,0,1
350,0,1,23.0,0,0,9.225,0,1,0,0,0,0,0,0,0,0,0,0,1
366,1,0,60.0,1,0,75.25,0,0,0,0,0,1,0,0,0,0,1,0,0
34,0,1,28.0,1,0,82.1708,0,0,0,0,0,0,0,0,0,0,1,0,0
495,0,1,29.69911764705882,0,0,14.4583,0,1,0,0,0,0,0,0,0,0,1,0,0
92,0,1,46.0,1,0,61.175,0,0,0,0,0,0,1,0,0,0,0,0,1
602,0,1,29.69911764705882,0,0,42.4,0,0,0,0,0,0,0,0,0,0,0,0,1
614,0,1,35.0,0,0,8.05,0,1,0,0,0,0,0,0,0,0,0,0,1
525,0,1,40.5,0,0,7.75,0,1,0,0,0,0,0,0,0,0,0,1,0
731,0,1,11.0,0,0,18.7875,0,1,0,0,0,0,0,0,0,0,1,0,0
214,0,1,29.69911764705882,1,0,7.75,0,1,0,0,0,0,0,0,0,0,0,1,0
36,1,1,29.69911764705882,0,0,7.2292,0,1,0,0,0,0,0,0,0,0,1,0,0
776,0,1,29.69911764705882,0,0,7.75,0,1,0,0,0,0,0,1,0,0,0,1,0
870,0,1,26.0,0,0,7.8958,0,1,0,0,0,0,0,0,0,0,0,0,1
119,0,0,2.0,4,2,31.275,0,1,0,0,0,0,0,0,0,0,0,0,1
828,1,1,29.69911764705882,0,0,7.75,0,1,0,0,0,0,0,0,0,0,0,1,0
391,1,1,21.0,0,0,7.7958,0,1,0,0,0,0,0,0,0,0,0,0,1
532,0,1,17.0,1,1,7.2292,0,1,0,0,0,0,0,0,0,0,1,0,0
598,0,1,29.69911764705882,0,0,7.225,0,1,0,0,0,0,0,0,0,0,1,0,0
710,1,0,24.0,0,0,49.5042,0,0,0,0,1,0,0,0,0,0,1,0,0
499,0,1,24.0,0,0,7.7958,0,1,0,0,0,0,0,0,0,0,0,0,1
320,0,1,22.0,0,0,7.25,0,1,0,0,0,0,0,0,0,0,0,0,1
488,0,1,30.0,0,0,8.05,0,1,0,0,0,0,0,0,0,0,0,0,1
452,0,1,30.0,0,0,27.75,0,0,0,0,1,0,0,0,0,0,1,0,0
338,1,1,45.0,0,0,8.05,0,1,0,0,0,0,0,0,0,0,0,0,1
333,0,1,16.0,2,0,18.0,0,1,0,0,0,0,0,0,0,0,0,0,1
641,1,0,24.0,0,0,69.3,0,0,0,1,0,0,0,0,0,0,1,0,0
328,1,0,31.0,1,1,20.525,0,1,0,0,0,0,0,0,0,0,0,0,1
120,0,1,21.0,2,0,73.5,1,0,0,0,0,0,0,0,0,0,0,0,1
721,0,1,17.0,1,0,7.0542,0,1,0,0,0,0,0,0,0,0,0,0,1
730,1,0,29.0,0,0,211.3375,0,0,0,1,0,0,0,0,0,0,0,0,1
440,1,0,45.0,1,1,26.25,1,0,0,0,0,0,0,0,0,0,0,0,1
769,0,1,32.0,0,0,8.3625,0,1,0,0,0,0,0,0,0,0,0,0,1
387,1,0,36.0,0,0,13.0,1,0,0,0,0,0,0,0,0,0,0,0,1
46,0,1,29.69911764705882,1,0,15.5,0,1,0,0,0,0,0,0,0,0,0,1,0
250,0,1,29.69911764705882,0,0,7.25,0,1,0,0,0,0,0,0,0,0,0,0,1
481,0,1,29.69911764705882,0,0,0.0,1,0,0,0,0,0,0,0,0,0,0,0,1
180,0,0,29.69911764705882,8,2,69.55,0,1,0,0,0,0,0,0,0,0,0,0,1
325,1,0,36.0,0,0,135.6333,0,0,0,0,1,0,0,0,0,0,1,0,0
821,1,1,27.0,0,0,8.6625,0,1,0,0,0,0,0,0,0,0,0,0,1
547,1,1,29.69911764705882,0,0,13.8625,1,0,0,0,0,0,0,0,0,0,1,0,0
522,0,1,29.69911764705882,0,0,7.225,0,1,0,0,0,0,0,0,0,0,1,0,0
801,1,0,31.0,1,1,26.25,1,0,0,0,0,0,0,0,0,0,0,0,1
266,0,1,16.0,4,1,39.6875,0,1,0,0,0,0,0,0,0,0,0,0,1
592,0,1,47.0,0,0,7.25,0,1,0,0,0,0,0,0,0,0,0,0,1
528,0,1,39.0,0,0,7.925,0,1,0,0,0,0,0,0,0,0,0,0,1
834,0,1,18.0,0,0,8.3,0,1,0,0,0,0,0,0,0,0,0,0,1
738,0,1,29.69911764705882,0,0,7.8958,0,1,0,0,0,0,0,0,0,0,0,0,1
544,0,1,50.0,1,0,106.425,0,0,0,0,1,0,0,0,0,0,1,0,0
156,1,0,16.0,0,0,7.7333,0,1,0,0,0,0,0,0,0,0,0,1,0
476,0,1,34.0,1,0,21.0,1,0,0,0,0,0,0,0,0,0,0,0,1
370,1,1,25.0,1,0,55.4417,0,0,0,0,0,0,1,0,0,0,1,0,0
395,0,1,22.0,0,0,7.7958,0,1,0,0,0,0,0,0,0,0,0,0,1
739,0,1,29.69911764705882,0,0,7.8958,0,1,0,0,0,0,0,0,0,0,0,0,1
204,1,1,18.0,0,0,8.05,0,1,0,0,0,0,0,0,0,0,0,0,1
337,1,0,41.0,0,0,134.5,0,0,0,0,0,0,1,0,0,0,1,0,0
780,1,0,13.0,0,0,7.2292,0,1,0,0,0,0,0,0,0,0,1,0,0
348,1,1,3.0,1,1,15.9,0,1,0,0,0,0,0,0,0,0,0,0,1
767,0,0,30.5,0,0,7.75,0,1,0,0,0,0,0,0,0,0,0,1,0
364,0,1,29.69911764705882,1,0,15.5,0,1,0,0,0,0,0,0,0,0,0,1,0
128,1,0,29.69911764705882,1,1,22.3583,0,1,0,0,0,0,0,1,0,0,1,0,0
695,0,1,52.0,0,0,13.5,1,0,0,0,0,0,0,0,0,0,0,0,1
389,1,0,17.0,0,0,12.0,1,0,0,0,0,0,0,0,0,0,1,0,0
9,1,0,14.0,1,0,30.0708,1,0,0,0,0,0,0,0,0,0,1,0,0
296,0,1,23.5,0,0,7.2292,0,1,0,0,0,0,0,0,0,0,1,0,0
189,0,1,36.0,0,0,7.8958,0,1,0,0,0,0,0,0,0,0,0,0,1
173,0,1,21.0,0,0,7.925,0,1,0,0,0,0,0,0,0,0,0,0,1
734,0,1,23.0,0,0,13.0,1,0,0,0,0,0,0,0,0,0,0,0,1
471,0,1,38.0,0,0,8.6625,0,1,0,0,0,0,0,0,0,0,0,0,1
89,0,1,24.0,0,0,8.05,0,1,0,0,0,0,0,0,0,0,0,0,1
357,0,0,38.0,0,0,13.0,1,0,0,0,0,0,0,0,0,0,0,0,1
652,0,1,21.0,0,0,8.4333,0,1,0,0,0,0,0,0,0,0,0,0,1
647,1,1,56.0,0,0,35.5,0,0,1,0,0,0,0,0,0,0,1,0,0
856,1,0,45.0,1,1,164.8667,0,0,0,0,0,0,0,0,0,0,0,0,1
421,0,1,21.0,0,0,7.7333,0,1,0,0,0,0,0,0,0,0,0,1,0
694,0,1,60.0,0,0,26.55,0,0,0,0,0,0,0,0,0,0,0,0,1
428,0,1,29.69911764705882,0,0,7.75,0,1,0,0,0,0,0,0,0,0,0,1,0
431,1,0,29.69911764705882,1,0,16.1,0,1,0,0,0,0,0,0,0,0,0,0,1
563,0,1,29.69911764705882,0,0,8.05,0,1,0,0,0,0,0,0,0,0,0,0,1
484,1,1,25.0,1,0,91.0792,0,0,0,1,0,0,0,0,0,0,1,0,0
811,0,1,39.0,0,0,24.15,0,1,0,0,0,0,0,0,0,0,0,0,1
29,0,1,29.69911764705882,0,0,7.8958,0,1,0,0,0,0,0,0,0,0,0,0,1
49,0,0,18.0,1,0,17.8,0,1,0,0,0,0,0,0,0,0,0,0,1
105,0,1,28.0,0,0,7.8958,0,1,0,0,0,0,0,0,0,0,0,0,1
616,0,1,34.0,1,1,14.4,0,1,0,0,0,0,0,0,0,0,0,0,1
533,1,0,29.69911764705882,0,2,22.3583,0,1,0,0,0,0,0,0,0,0,1,0,0
270,0,1,29.69911764705882,0,0,31.0,0,0,0,0,0,0,0,0,0,0,0,0,1
664,1,1,20.0,1,0,7.925,0,1,0,0,0,0,0,0,0,0,0,0,1
557,0,1,29.69911764705882,0,0,227.525,0,0,0,0,0,0,0,0,0,0,1,0,0
540,1,0,36.0,0,2,71.0,0,0,0,1,0,0,0,0,0,0,0,0,1
498,0,0,25.0,1,2,151.55,0,0,0,0,1,0,0,0,0,0,0,0,1
604,1,1,35.0,0,0,26.55,0,0,0,0,0,0,0,0,0,0,1,0,0
53,1,0,29.0,1,0,26.0,1,0,0,0,0,0,0,0,0,0,0,0,1
24,0,0,8.0,3,1,21.075,0,1,0,0,0,0,0,0,0,0,0,0,1
854,0,0,44.0,1,0,26.0,1,0,0,0,0,0,0,0,0,0,0,0,1
352,0,1,15.0,1,1,7.2292,0,1,0,0,0,0,0,0,0,0,1,0,0
781,1,0,17.0,1,0,57.0,0,0,0,1,0,0,0,0,0,0,0,0,1
449,1,1,52.0,0,0,30.5,0,0,0,0,1,0,0,0,0,0,0,0,1
479,1,0,2.0,0,1,12.2875,0,1,0,0,0,0,0,0,0,0,0,0,1
248,1,1,37.0,1,1,52.5542,0,0,0,0,0,1,0,0,0,0,0,0,1
504,1,0,16.0,0,0,86.5,0,0,0,1,0,0,0,0,0,0,0,0,1
1,1,0,38.0,1,0,71.2833,0,0,0,0,1,0,0,0,0,0,1,0,0
885,0,0,39.0,0,5,29.125,0,1,0,0,0,0,0,0,0,0,0,1,0
213,0,1,30.0,0,0,13.0,1,0,0,0,0,0,0,0,0,0,0,0,1
574,0,1,16.0,0,0,8.05,0,1,0,0,0,0,0,0,0,0,0,0,1
886,0,1,27.0,0,0,13.0,1,0,0,0,0,0,0,0,0,0,0,0,1
701,1,1,35.0,0,0,26.2875,0,0,0,0,0,0,1,0,0,0,0,0,1
237,1,0,8.0,0,2,26.25,1,0,0,0,0,0,0,0,0,0,0,0,1
841,0,1,16.0,0,0,10.5,1,0,0,0,0,0,0,0,0,0,0,0,1
205,0,0,2.0,0,1,10.4625,0,1,0,0,0,0,0,0,1,0,0,0,1
171,0,1,4.0,4,1,29.125,0,1,0,0,0,0,0,0,0,0,0,1,0
661,0,1,40.0,0,0,7.225,0,1,0,0,0,0,0,0,0,0,1,0,0
57,0,1,28.5,0,0,7.2292,0,1,0,0,0,0,0,0,0,0,1,0,0
140,0,0,29.69911764705882,0,2,15.2458,0,1,0,0,0,0,0,0,0,0,1,0,0
425,0,1,29.69911764705882,0,0,7.25,0,1,0,0,0,0,0,0,0,0,0,0,1
825,0,1,29.69911764705882,0,0,6.95,0,1,0,0,0,0,0,0,0,0,0,1,0
137,0,1,37.0,1,0,53.1,0,0,0,0,1,0,0,0,0,0,0,0,1
292,0,1,36.0,0,0,12.875,1,0,0,0,0,1,0,0,0,0,1,0,0
63,0,1,4.0,3,2,27.9,0,1,0,0,0,0,0,0,0,0,0,0,1
178,0,1,30.0,0,0,13.0,1,0,0,0,0,0,0,0,0,0,0,0,1
756,0,1,28.0,0,0,7.7958,0,1,0,0,0,0,0,0,0,0,0,0,1
272,1,0,41.0,0,1,19.5,1,0,0,0,0,0,0,0,0,0,0,0,1
799,0,0,30.0,1,1,24.15,0,1,0,0,0,0,0,0,0,0,0,0,1
555,0,1,62.0,0,0,26.55,0,0,0,0,0,0,0,0,0,0,0,0,1
30,0,1,40.0,0,0,27.7208,0,0,0,0,0,0,0,0,0,0,1,0,0
261,1,1,3.0,4,2,31.3875,0,1,0,0,0,0,0,0,0,0,0,0,1
875,1,0,15.0,0,0,7.225,0,1,0,0,0,0,0,0,0,0,1,0,0
874,1,0,28.0,1,0,24.0,1,0,0,0,0,0,0,0,0,0,1,0,0
187,1,1,45.0,0,0,26.55,0,0,0,0,0,0,0,0,0,0,0,0,1
327,1,0,36.0,0,0,13.0,1,0,0,0,0,1,0,0,0,0,0,0,1
510,1,1,29.0,0,0,7.75,0,1,0,0,0,0,0,0,0,0,0,1,0
502,0,0,29.69911764705882,0,0,7.6292,0,1,0,0,0,0,0,0,0,0,0,1,0
505,0,1,18.0,1,0,108.9,0,0,0,0,1,0,0,0,0,0,1,0,0
705,0,1,39.0,0,0,26.0,1,0,0,0,0,0,0,0,0,0,0,0,1
121,0,1,29.69911764705882,0,0,8.05,0,1,0,0,0,0,0,0,0,0,0,0,1
44,1,0,19.0,0,0,7.8792,0,1,0,0,0,0,0,0,0,0,0,1,0
677,1,0,18.0,0,0,9.8417,0,1,0,0,0,0,0,0,0,0,0,0,1
625,0,1,61.0,0,0,32.3208,0,0,0,0,0,1,0,0,0,0,0,0,1
416,1,0,34.0,1,1,32.5,1,0,0,0,0,0,0,0,0,0,0,0,1
584,0,1,29.69911764705882,0,0,8.7125,0,1,0,0,0,0,0,0,0,0,1,0,0
141,1,0,22.0,0,0,7.75,0,1,0,0,0,0,0,0,0,0,0,0,1
219,0,1,30.0,0,0,10.5,1,0,0,0,0,0,0,0,0,0,0,0,1
225,0,1,22.0,0,0,9.35,0,1,0,0,0,0,0,0,0,0,0,0,1
267,1,1,25.0,1,0,7.775,0,1,0,0,0,0,0,0,0,0,0,0,1
644,1,0,0.75,2,1,19.2583,0,1,0,0,0,0,0,0,0,0,1,0,0
253,0,1,30.0,1,0,16.1,0,1,0,0,0,0,0,0,0,0,0,0,1
527,0,1,29.69911764705882,0,0,221.7792,0,0,0,0,1,0,0,0,0,0,0,0,1
559,1,0,36.0,1,0,17.4,0,1,0,0,0,0,0,0,0,0,0,0,1
418,0,1,30.0,0,0,13.0,1,0,0,0,0,0,0,0,0,0,0,0,1
91,0,1,20.0,0,0,7.8542,0,1,0,0,0,0,0,0,0,0,0,0,1
45,0,1,29.69911764705882,0,0,8.05,0,1,0,0,0,0,0,0,0,0,0,0,1
407,1,1,3.0,1,1,18.75,1,0,0,0,0,0,0,0,0,0,0,0,1
657,0,0,32.0,1,1,15.5,0,1,0,0,0,0,0,0,0,0,0,1,0
16,0,1,2.0,4,1,29.125,0,1,0,0,0,0,0,0,0,0,0,1,0
729,0,0,25.0,1,0,7.925,0,1,0,0,0,0,0,0,0,0,0,0,1
526,1,0,50.0,0,0,10.5,1,0,0,0,0,0,0,0,0,0,0,0,1
235,0,0,29.69911764705882,0,0,7.55,0,1,0,0,0,0,0,0,0,0,0,0,1
228,0,1,18.0,0,0,13.0,1,0,0,0,0,0,0,0,0,0,0,0,1
318,1,0,31.0,0,2,164.8667,0,0,0,0,1,0,0,0,0,0,0,0,1
71,0,0,16.0,5,2,46.9,0,1,0,0,0,0,0,0,0,0,0,0,1
589,0,1,29.69911764705882,0,0,8.05,0,1,0,0,0,0,0,0,0,0,0,0,1
419,0,0,10.0,0,2,24.15,0,1,0,0,0,0,0,0,0,0,0,0,1
77,0,1,29.69911764705882,0,0,8.05,0,1,0,0,0,0,0,0,0,0,0,0,1
490,0,1,29.69911764705882,1,0,19.9667,0,1,0,0,0,0,0,0,0,0,0,0,1
222,0,1,51.0,0,0,8.05,0,1,0,0,0,0,0,0,0,0,0,0,1
543,1,1,32.0,1,0,26.0,1,0,0,0,0,0,0,0,0,0,0,0,1
613,0,1,29.69911764705882,0,0,7.75,0,1,0,0,0,0,0,0,0,0,0,1,0
541,0,0,9.0,4,2,31.275,0,1,0,0,0,0,0,0,0,0,0,0,1
813,0,0,6.0,4,2,31.275,0,1,0,0,0,0,0,0,0,0,0,0,1
773,0,1,29.69911764705882,0,0,7.225,0,1,0,0,0,0,0,0,0,0,1,0,0
88,1,0,23.0,3,2,263.0,0,0,0,0,1,0,0,0,0,0,0,0,1
136,1,0,19.0,0,2,26.2833,0,0,0,0,0,1,0,0,0,0,0,0,1
785,0,1,25.0,0,0,7.25,0,1,0,0,0,0,0,0,0,0,0,0,1
599,1,1,49.0,1,0,56.9292,0,0,1,0,0,0,0,0,0,0,1,0,0
283,1,1,19.0,0,0,8.05,0,1,0,0,0,0,0,0,0,0,0,0,1
454,0,1,29.69911764705882,0,0,8.05,0,1,0,0,0,0,0,0,0,0,0,0,1
500,0,1,17.0,0,0,8.6625,0,1,0,0,0,0,0,0,0,0,0,0,1
719,0,1,33.0,0,0,7.775,0,1,0,0,0,0,0,0,0,0,0,0,1
726,1,0,30.0,3,0,21.0,1,0,0,0,0,0,0,0,0,0,0,0,1
494,0,1,21.0,0,0,8.05,0,1,0,0,0,0,0,0,0,0,0,0,1
865,1,0,42.0,0,0,13.0,1,0,0,0,0,0,0,0,0,0,0,0,1
177,0,0,50.0,0,0,28.7125,0,0,0,0,1,0,0,0,0,0,1,0,0
683,0,1,14.0,5,2,46.9,0,1,0,0,0,0,0,0,0,0,0,0,1
285,0,1,33.0,0,0,8.6625,0,1,0,0,0,0,0,0,0,0,1,0,0
798,0,1,30.0,0,0,7.2292,0,1,0,0,0,0,0,0,0,0,1,0,0
313,0,1,28.0,0,0,7.8958,0,1,0,0,0,0,0,0,0,0,0,0,1
409,0,0,29.69911764705882,3,1,25.4667,0,1,0,0,0,0,0,0,0,0,0,0,1
25,1,0,38.0,1,5,31.3875,0,1,0,0,0,0,0,0,0,0,0,0,1
572,1,1,36.0,0,0,26.3875,0,0,0,0,0,0,1,0,0,0,0,0,1
833,0,1,23.0,0,0,7.8542,0,1,0,0,0,0,0,0,0,0,0,0,1
300,1,0,29.69911764705882,0,0,7.75,0,1,0,0,0,0,0,0,0,0,0,1,0
675,0,1,18.0,0,0,7.775,0,1,0,0,0,0,0,0,0,0,0,0,1
853,1,0,16.0,0,1,39.4,0,0,0,0,0,1,0,0,0,0,0,0,1
243,0,1,22.0,0,0,7.125,0,1,0,0,0,0,0,0,0,0,0,0,1
260,0,1,29.69911764705882,0,0,7.75,0,1,0,0,0,0,0,0,0,0,0,1,0
129,0,1,45.0,0,0,6.975,0,1,0,0,0,0,0,0,0,0,0,0,1
810,0,1,26.0,0,0,7.8875,0,1,0,0,0,0,0,0,0,0,0,0,1
680,0,0,29.69911764705882,0,0,8.1375,0,1,0,0,0,0,0,0,0,0,0,1,0
166,1,0,29.69911764705882,0,1,55.0,0,0,0,0,0,0,1,0,0,0,0,0,1
840,0,1,20.0,0,0,7.925,0,1,0,0,0,0,0,0,0,0,0,0,1
356,1,0,22.0,0,1,55.0,0,0,0,0,0,0,1,0,0,0,0,0,1
3,1,0,35.0,1,0,53.1,0,0,0,0,1,0,0,0,0,0,0,0,1
848,0,1,28.0,0,1,33.0,1,0,0,0,0,0,0,0,0,0,0,0,1
74,1,1,32.0,0,0,56.4958,0,1,0,0,0,0,0,0,0,0,0,0,1
867,0,1,31.0,0,0,50.4958,0,0,1,0,0,0,0,0,0,0,0,0,1
531,0,1,29.69911764705882,0,0,7.2292,0,1,0,0,0,0,0,0,0,0,1,0,0
514,0,1,24.0,0,0,7.4958,0,1,0,0,0,0,0,0,0,0,0,0,1
643,1,1,29.69911764705882,0,0,56.4958,0,1,0,0,0,0,0,0,0,0,0,0,1
814,0,1,30.5,0,0,8.05,0,1,0,0,0,0,0,0,0,0,0,0,1
52,1,0,49.0,1,0,76.7292,0,0,0,0,0,1,0,0,0,0,1,0,0
812,0,1,35.0,0,0,10.5,1,0,0,0,0,0,0,0,0,0,0,0,1
691,1,0,4.0,0,1,13.4167,0,1,0,0,0,0,0,0,0,0,1,0,0
251,0,0,29.0,1,1,10.4625,0,1,0,0,0,0,0,0,1,0,0,0,1
398,0,1,23.0,0,0,10.5,1,0,0,0,0,0,0,0,0,0,0,0,1
477,0,1,29.0,1,0,7.0458,0,1,0,0,0,0,0,0,0,0,0,0,1
536,0,1,45.0,0,0,26.55,0,0,0,1,0,0,0,0,0,0,0,0,1
673,1,1,31.0,0,0,13.0,1,0,0,0,0,0,0,0,0,0,0,0,1
818,0,1,43.0,0,0,6.45,0,1,0,0,0,0,0,0,0,0,0,0,1
708,1,0,22.0,0,0,151.55,0,0,0,0,0,0,0,0,0,0,0,0,1
321,0,1,27.0,0,0,7.8958,0,1,0,0,0,0,0,0,0,0,0,0,1
304,0,1,29.69911764705882,0,0,8.05,0,1,0,0,0,0,0,0,0,0,0,0,1
21,1,1,34.0,0,0,13.0,1,0,0,0,0,1,0,0,0,0,0,0,1
303,1,0,29.69911764705882,0,0,12.35,1,0,0,0,0,0,1,0,0,0,0,1,0
456,0,1,65.0,0,0,26.55,0,0,0,0,0,0,1,0,0,0,0,0,1
23,1,1,28.0,0,0,35.5,0,0,1,0,0,0,0,0,0,0,0,0,1
603,0,1,44.0,0,0,8.05,0,1,0,0,0,0,0,0,0,0,0,0,1
359,1,0,29.69911764705882,0,0,7.8792,0,1,0,0,0,0,0,0,0,0,0,1,0
298,1,1,29.69911764705882,0,0,30.5,0,0,0,0,1,0,0,0,0,0,0,0,1
54,0,1,65.0,0,1,61.9792,0,0,0,1,0,0,0,0,0,0,1,0,0
447,1,1,34.0,0,0,26.55,0,0,0,0,0,0,0,0,0,0,0,0,1
682,0,1,20.0,0,0,9.225,0,1,0,0,0,0,0,0,0,0,0,0,1
281,0,1,28.0,0,0,7.8542,0,1,0,0,0,0,0,0,0,0,0,0,1
31,1,0,29.69911764705882,1,0,146.5208,0,0,0,1,0,0,0,0,0,0,1,0,0
403,0,1,28.0,1,0,15.85,0,1,0,0,0,0,0,0,0,0,0,0,1
503,0,0,37.0,0,0,9.5875,0,1,0,0,0,0,0,0,0,0,0,0,1
659,0,1,58.0,0,2,113.275,0,0,0,0,0,1,0,0,0,0,1,0,0
470,0,1,29.69911764705882,0,0,7.25,0,1,0,0,0,0,0,0,0,0,0,0,1
302,0,1,19.0,0,0,0.0,0,1,0,0,0,0,0,0,0,0,0,0,1
618,1,0,4.0,2,1,39.0,1,0,0,0,0,0,0,1,0,0,0,0,1
293,0,0,24.0,0,0,8.85,0,1,0,0,0,0,0,0,0,0,0,0,1
276,0,0,45.0,0,0,7.75,0,1,0,0,0,0,0,0,0,0,0,0,1
627,1,0,21.0,0,0,77.9583,0,0,0,0,0,1,0,0,0,0,0,0,1
385,0,1,18.0,0,0,73.5,1,0,0,0,0,0,0,0,0,0,0,0,1
343,0,1,25.0,0,0,13.0,1,0,0,0,0,0,0,0,0,0,0,0,1
609,1,0,40.0,0,0,153.4625,0,0,0,0,1,0,0,0,0,0,0,0,1
788,1,1,1.0,1,2,20.575,0,1,0,0,0,0,0,0,0,0,0,0,1
115,0,1,21.0,0,0,7.925,0,1,0,0,0,0,0,0,0,0,0,0,1
473,1,0,23.0,0,0,13.7917,1,0,0,0,0,1,0,0,0,0,1,0,0
450,0,1,36.0,1,2,27.75,1,0,0,0,0,0,0,0,0,0,0,0,1
666,0,1,25.0,0,0,13.0,1,0,0,0,0,0,0,0,0,0,0,0,1
451,0,1,29.69911764705882,1,0,19.9667,0,1,0,0,0,0,0,0,0,0,0,0,1
770,0,1,24.0,0,0,9.5,0,1,0,0,0,0,0,0,0,0,0,0,1
689,1,0,15.0,0,1,211.3375,0,0,0,1,0,0,0,0,0,0,0,0,1
95,0,1,29.69911764705882,0,0,8.05,0,1,0,0,0,0,0,0,0,0,0,0,1
290,1,0,26.0,0,0,78.85,0,0,0,0,0,0,0,0,0,0,0,0,1
35,0,1,42.0,1,0,52.0,0,0,0,0,0,0,0,0,0,0,0,0,1
309,1,0,30.0,0,0,56.9292,0,0,0,0,0,0,1,0,0,0,1,0,0
642,0,0,2.0,3,2,27.9,0,1,0,0,0,0,0,0,0,0,0,0,1
524,0,1,29.69911764705882,0,0,7.2292,0,1,0,0,0,0,0,0,0,0,1,0,0
709,1,1,29.69911764705882,1,1,15.2458,0,1,0,0,0,0,0,0,0,0,1,0,0
507,1,1,29.69911764705882,0,0,26.55,0,0,0,0,0,0,0,0,0,0,0,0,1
558,1,0,39.0,1,1,79.65,0,0,0,0,0,0,1,0,0,0,0,0,1
148,0,1,36.5,0,2,26.0,1,0,0,0,0,0,0,1,0,0,0,0,1
752,0,1,33.0,0,0,9.5,0,1,0,0,0,0,0,0,0,0,0,0,1
146,1,1,27.0,0,0,7.7958,0,1,0,0,0,0,0,0,0,0,0,0,1
444,1,1,29.69911764705882,0,0,8.1125,0,1,0,0,0,0,0,0,0,0,0,0,1
238,0,1,19.0,0,0,10.5,1,0,0,0,0,0,0,0,0,0,0,0,1
443,1,0,28.0,0,0,13.0,1,0,0,0,0,0,0,0,0,0,0,0,1
17,1,1,29.69911764705882,0,0,13.0,1,0,0,0,0,0,0,0,0,0,0,0,1
98,1,0,34.0,0,1,23.0,1,0,0,0,0,0,0,0,0,0,0,0,1
656,0,1,29.69911764705882,0,0,7.8958,0,1,0,0,0,0,0,0,0,0,0,0,1
588,0,1,22.0,0,0,8.05,0,1,0,0,0,0,0,0,0,0,0,0,1
76,0,1,29.69911764705882,0,0,7.8958,0,1,0,0,0,0,0,0,0,0,0,0,1
414,1,1,44.0,0,0,7.925,0,1,0,0,0,0,0,0,0,0,0,0,1
697,1,0,29.69911764705882,0,0,7.7333,0,1,0,0,0,0,0,0,0,0,0,1,0
323,1,0,22.0,1,1,29.0,1,0,0,0,0,0,0,0,0,0,0,0,1
376,1,0,22.0,0,0,7.25,0,1,0,0,0,0,0,0,0,0,0,0,1
209,1,1,40.0,0,0,31.0,0,0,1,0,0,0,0,0,0,0,1,0,0
523,1,0,44.0,0,1,57.9792,0,0,0,1,0,0,0,0,0,0,1,0,0
379,0,1,19.0,0,0,7.775,0,1,0,0,0,0,0,0,0,0,0,0,1
866,1,0,27.0,1,0,13.8583,1,0,0,0,0,0,0,0,0,0,1,0,0
565,0,1,24.0,2,0,24.15,0,1,0,0,0,0,0,0,0,0,0,0,1
93,0,1,26.0,1,2,20.575,0,1,0,0,0,0,0,0,0,0,0,0,1
713,0,1,29.0,0,0,9.4833,0,1,0,0,0,0,0,0,0,0,0,0,1
33,0,1,66.0,0,0,10.5,1,0,0,0,0,0,0,0,0,0,0,0,1
594,0,1,37.0,1,0,26.0,1,0,0,0,0,0,0,0,0,0,0,0,1
353,0,1,25.0,1,0,17.8,0,1,0,0,0,0,0,0,0,0,0,0,1
519,0,1,32.0,0,0,7.8958,0,1,0,0,0,0,0,0,0,0,0,0,1
704,0,1,26.0,1,0,7.8542,0,1,0,0,0,0,0,0,0,0,0,0,1
717,1,0,27.0,0,0,10.5,1,0,0,0,0,0,1,0,0,0,0,0,1
668,0,1,43.0,0,0,8.05,0,1,0,0,0,0,0,0,0,0,0,0,1
491,0,1,21.0,0,0,7.25,0,1,0,0,0,0,0,0,0,0,0,0,1
83,0,1,28.0,0,0,47.1,0,0,0,0,0,0,0,0,0,0,0,0,1
842,1,0,30.0,0,0,31.0,0,0,0,0,0,0,0,0,0,0,1,0,0
608,1,0,22.0,1,2,41.5792,1,0,0,0,0,0,0,0,0,0,1,0,0
803,1,1,0.42,0,1,8.5167,0,1,0,0,0,0,0,0,0,0,1,0,0
181,0,1,29.69911764705882,0,0,15.05,1,0,0,0,0,0,0,0,0,0,1,0,0
740,1,1,29.69911764705882,0,0,30.0,0,0,0,0,0,1,0,0,0,0,0,0,1
221,0,1,27.0,0,0,13.0,1,0,0,0,0,0,0,0,0,0,0,0,1
207,1,1,26.0,0,0,18.7875,0,1,0,0,0,0,0,0,0,0,1,0,0
546,1,0,19.0,1,0,26.0,1,0,0,0,0,0,0,0,0,0,0,0,1
100,0,0,28.0,0,0,7.8958,0,1,0,0,0,0,0,0,0,0,0,0,1
145,0,1,19.0,1,1,36.75,1,0,0,0,0,0,0,0,0,0,0,0,1
0,0,1,22.0,1,0,7.25,0,1,0,0,0,0,0,0,0,0,0,0,1
467,0,1,56.0,0,0,26.55,0,0,0,0,0,0,0,0,0,0,0,0,1
585,1,0,18.0,0,2,79.65,0,0,0,0,0,0,1,0,0,0,0,0,1
110,0,1,47.0,0,0,52.0,0,0,0,0,1,0,0,0,0,0,0,0,1
815,0,1,29.69911764705882,0,0,0.0,0,0,0,1,0,0,0,0,0,0,0,0,1
830,1,0,15.0,1,0,14.4542,0,1,0,0,0,0,0,0,0,0,1,0,0
633,0,1,29.69911764705882,0,0,0.0,0,0,0,0,0,0,0,0,0,0,0,0,1
247,1,0,24.0,0,2,14.5,1,0,0,0,0,0,0,0,0,0,0,0,1
397,0,1,46.0,0,0,26.0,1,0,0,0,0,0,0,0,0,0,0,0,1
723,0,1,50.0,0,0,13.0,1,0,0,0,0,0,0,0,0,0,0,0,1
728,0,1,25.0,1,0,26.0,1,0,0,0,0,0,0,0,0,0,0,0,1
2,1,0,26.0,0,0,7.925,0,1,0,0,0,0,0,0,0,0,0,0,1
165,1,1,9.0,0,2,20.525,0,1,0,0,0,0,0,0,0,0,0,0,1
461,0,1,34.0,0,0,8.05,0,1,0,0,0,0,0,0,0,0,0,0,1
108,0,1,38.0,0,0,7.8958,0,1,0,0,0,0,0,0,0,0,0,0,1
706,1,0,45.0,0,0,13.5,1,0,0,0,0,0,0,0,0,0,0,0,1
104,0,1,37.0,2,0,7.925,0,1,0,0,0,0,0,0,0,0,0,0,1
81,1,1,29.0,0,0,9.5,0,1,0,0,0,0,0,0,0,0,0,0,1
809,1,0,33.0,1,0,53.1,0,0,0,0,0,0,1,0,0,0,0,0,1
38,0,0,18.0,2,0,18.0,0,1,0,0,0,0,0,0,0,0,0,0,1
744,1,1,31.0,0,0,7.925,0,1,0,0,0,0,0,0,0,0,0,0,1
749,0,1,31.0,0,0,7.75,0,1,0,0,0,0,0,0,0,0,0,1,0
822,0,1,38.0,0,0,0.0,0,0,0,0,0,0,0,0,0,0,0,0,1
530,1,0,2.0,1,1,26.0,1,0,0,0,0,0,0,0,0,0,0,0,1
759,1,0,33.0,0,0,86.5,0,0,0,1,0,0,0,0,0,0,0,0,1
741,0,1,36.0,1,0,78.85,0,0,0,0,1,0,0,0,0,0,0,0,1
861,0,1,21.0,1,0,11.5,1,0,0,0,0,0,0,0,0,0,0,0,1
535,1,0,7.0,0,2,26.25,1,0,0,0,0,0,0,0,0,0,0,0,1
360,0,1,40.0,1,4,27.9,0,1,0,0,0,0,0,0,0,0,0,0,1
873,0,1,47.0,0,0,9.0,0,1,0,0,0,0,0,0,0,0,0,0,1
796,1,0,49.0,0,0,25.9292,0,0,0,0,0,1,0,0,0,0,0,0,1
299,1,0,50.0,0,1,247.5208,0,0,0,1,0,0,0,0,0,0,1,0,0
435,1,0,14.0,1,2,120.0,0,0,0,1,0,0,0,0,0,0,0,0,1
263,0,1,40.0,0,0,0.0,0,0,0,1,0,0,0,0,0,0,0,0,1
65,1,1,29.69911764705882,1,1,15.2458,0,1,0,0,0,0,0,0,0,0,1,0,0
426,1,0,28.0,1,0,26.0,1,0,0,0,0,0,0,0,0,0,0,0,1
84,1,0,17.0,0,0,10.5,1,0,0,0,0,0,0,0,0,0,0,0,1
436,0,0,21.0,2,2,34.375,0,1,0,0,0,0,0,0,0,0,0,0,1
743,0,1,24.0,1,0,16.1,0,1,0,0,0,0,0,0,0,0,0,0,1
369,1,0,24.0,0,0,69.3,0,0,0,1,0,0,0,0,0,0,1,0,0
114,0,0,17.0,0,0,14.4583,0,1,0,0,0,0,0,0,0,0,1,0,0
857,1,1,51.0,0,0,26.55,0,0,0,0,0,0,1,0,0,0,0,0,1
258,1,0,35.0,0,0,512.3292,0,0,0,0,0,0,0,0,0,0,1,0,0
573,1,0,29.69911764705882,0,0,7.75,0,1,0,0,0,0,0,0,0,0,0,1,0
402,0,0,21.0,1,0,9.825,0,1,0,0,0,0,0,0,0,0,0,0,1
827,1,1,1.0,0,2,37.0042,1,0,0,0,0,0,0,0,0,0,1,0,0
284,0,1,29.69911764705882,0,0,26.0,0,0,1,0,0,0,0,0,0,0,0,0,1
646,0,1,19.0,0,0,7.8958,0,1,0,0,0,0,0,0,0,0,0,0,1
345,1,0,24.0,0,0,13.0,1,0,0,0,0,0,0,1,0,0,0,0,1
631,0,1,51.0,0,0,7.0542,0,1,0,0,0,0,0,0,0,0,0,0,1
596,1,0,29.69911764705882,0,0,33.0,1,0,0,0,0,0,0,0,0,0,0,0,1
863,0,0,29.69911764705882,8,2,69.55,0,1,0,0,0,0,0,0,0,0,0,0,1
316,1,0,24.0,1,0,26.0,1,0,0,0,0,0,0,0,0,0,0,0,1
732,0,1,29.69911764705882,0,0,0.0,1,0,0,0,0,0,0,0,0,0,0,0,1
332,0,1,38.0,0,1,153.4625,0,0,0,0,1,0,0,0,0,0,0,0,1
390,1,1,36.0,1,2,120.0,0,0,0,1,0,0,0,0,0,0,0,0,1
676,0,1,24.5,0,0,8.05,0,1,0,0,0,0,0,0,0,0,0,0,1
257,1,0,30.0,0,0,86.5,0,0,0,1,0,0,0,0,0,0,0,0,1
551,0,1,27.0,0,0,26.0,1,0,0,0,0,0,0,0,0,0,0,0,1
520,1,0,30.0,0,0,93.5,0,0,0,1,0,0,0,0,0,0,0,0,1
820,1,0,52.0,1,1,93.5,0,0,0,1,0,0,0,0,0,0,0,0,1
876,0,1,20.0,0,0,9.8458,0,1,0,0,0,0,0,0,0,0,0,0,1
797,1,0,31.0,0,0,8.6833,0,1,0,0,0,0,0,0,0,0,0,0,1
707,1,1,42.0,0,0,26.2875,0,0,0,0,0,0,1,0,0,0,0,0,1
529,0,1,23.0,2,1,11.5,1,0,0,0,0,0,0,0,0,0,0,0,1
593,0,0,29.69911764705882,0,2,7.75,0,1,0,0,0,0,0,0,0,0,0,1,0
305,1,1,0.92,1,2,151.55,0,0,0,0,1,0,0,0,0,0,0,0,1
47,1,0,29.69911764705882,0,0,7.75,0,1,0,0,0,0,0,0,0,0,0,1,0
591,1,0,52.0,1,0,78.2667,0,0,0,0,0,1,0,0,0,0,1,0,0
26,0,1,29.69911764705882,0,0,7.225,0,1,0,0,0,0,0,0,0,0,1,0,0
169,0,1,28.0,0,0,56.4958,0,1,0,0,0,0,0,0,0,0,0,0,1
382,0,1,32.0,0,0,7.925,0,1,0,0,0,0,0,0,0,0,0,0,1
629,0,1,29.69911764705882,0,0,7.7333,0,1,0,0,0,0,0,0,0,0,0,1,0
72,0,1,21.0,0,0,73.5,1,0,0,0,0,0,0,0,0,0,0,0,1
672,0,1,70.0,0,0,10.5,1,0,0,0,0,0,0,0,0,0,0,0,1
268,1,0,58.0,0,1,153.4625,0,0,0,0,1,0,0,0,0,0,0,0,1
324,0,1,29.69911764705882,8,2,69.55,0,1,0,0,0,0,0,0,0,0,0,0,1
217,0,1,42.0,1,0,27.0,1,0,0,0,0,0,0,0,0,0,0,0,1
434,0,1,50.0,1,0,55.9,0,0,0,0,0,0,1,0,0,0,0,0,1
727,1,0,29.69911764705882,0,0,7.7375,0,1,0,0,0,0,0,0,0,0,0,1,0
351,0,1,29.69911764705882,0,0,35.0,0,0,0,0,1,0,0,0,0,0,0,0,1
771,0,1,48.0,0,0,7.8542,0,1,0,0,0,0,0,0,0,0,0,0,1
306,1,0,29.69911764705882,0,0,110.8833,0,0,0,0,0,0,0,0,0,0,1,0,0
242,0,1,29.0,0,0,10.5,1,0,0,0,0,0,0,0,0,0,0,0,1
380,1,0,42.0,0,0,227.525,0,0,0,0,0,0,0,0,0,0,1,0,0
132,0,0,47.0,1,0,14.5,0,1,0,0,0,0,0,0,0,0,0,0,1
22,1,0,15.0,0,0,8.0292,0,1,0,0,0,0,0,0,0,0,0,1,0
109,1,0,29.69911764705882,1,0,24.15,0,1,0,0,0,0,0,0,0,0,0,1,0
621,1,1,42.0,1,0,52.5542,0,0,0,0,0,1,0,0,0,0,0,0,1
55,1,1,29.69911764705882,0,0,35.5,0,0,0,0,1,0,0,0,0,0,0,0,1
117,0,1,29.0,1,0,21.0,1,0,0,0,0,0,0,0,0,0,0,0,1
782,0,1,29.0,0,0,30.0,0,0,0,0,0,1,0,0,0,0,0,0,1
102,0,1,21.0,0,1,77.2875,0,0,0,0,0,1,0,0,0,0,0,0,1
686,0,1,14.0,4,1,39.6875,0,1,0,0,0,0,0,0,0,0,0,0,1
688,0,1,18.0,0,0,7.7958,0,1,0,0,0,0,0,0,0,0,0,0,1
512,1,1,36.0,0,0,26.2875,0,0,0,0,0,0,1,0,0,0,0,0,1
880,1,0,25.0,0,1,26.0,1,0,0,0,0,0,0,0,0,0,0,0,1
601,0,1,29.69911764705882,0,0,7.8958,0,1,0,0,0,0,0,0,0,0,0,0,1
464,0,1,29.69911764705882,0,0,8.05,0,1,0,0,0,0,0,0,0,0,0,0,1
388,0,1,29.69911764705882,0,0,7.7292,0,1,0,0,0,0,0,0,0,0,0,1,0
432,1,0,42.0,1,0,26.0,1,0,0,0,0,0,0,0,0,0,0,0,1
501,0,0,21.0,0,0,7.75,0,1,0,0,0,0,0,0,0,0,0,1,0
645,1,1,48.0,1,0,76.7292,0,0,0,0,0,1,0,0,0,0,1,0,0
334,1,0,29.69911764705882,1,0,133.65,0,0,0,0,0,0,0,0,0,0,0,0,1
200,0,1,28.0,0,0,9.5,0,1,0,0,0,0,0,0,0,0,0,0,1
439,0,1,31.0,0,0,10.5,1,0,0,0,0,0,0,0,0,0,0,0,1
882,0,0,22.0,0,0,10.5167,0,1,0,0,0,0,0,0,0,0,0,0,1
554,1,0,22.0,0,0,7.775,0,1,0,0,0,0,0,0,0,0,0,0,1
568,0,1,29.69911764705882,0,0,7.2292,0,1,0,0,0,0,0,0,0,0,1,0,0
19,1,0,29.69911764705882,0,0,7.225,0,1,0,0,0,0,0,0,0,0,1,0,0
179,0,1,36.0,0,0,0.0,0,1,0,0,0,0,0,0,0,0,0,0,1
622,1,1,20.0,1,1,15.7417,0,1,0,0,0,0,0,0,0,0,1,0,0
465,0,1,38.0,0,0,7.05,0,1,0,0,0,0,0,0,0,0,0,0,1
772,0,0,57.0,0,0,10.5,1,0,0,0,0,0,1,0,0,0,0,0,1
684,0,1,60.0,1,1,39.0,1,0,0,0,0,0,0,0,0,0,0,0,1
624,0,1,21.0,0,0,16.1,0,1,0,0,0,0,0,0,0,0,0,0,1
463,0,1,48.0,0,0,13.0,1,0,0,0,0,0,0,0,0,0,0,0,1
363,0,1,35.0,0,0,7.05,0,1,0,0,0,0,0,0,0,0,0,0,1
888,0,0,29.69911764705882,1,2,23.45,0,1,0,0,0,0,0,0,0,0,0,0,1
722,0,1,34.0,0,0,13.0,1,0,0,0,0,0,0,0,0,0,0,0,1
847,0,1,35.0,0,0,7.8958,0,1,0,0,0,0,0,0,0,0,1,0,0
149,0,1,42.0,0,0,13.0,1,0,0,0,0,0,0,0,0,0,0,0,1
858,1,0,24.0,0,3,19.2583,0,1,0,0,0,0,0,0,0,0,1,0,0
545,0,1,64.0,0,0,26.0,0,0,0,0,0,0,0,0,0,0,0,0,1
27,0,1,19.0,3,2,263.0,0,0,0,0,1,0,0,0,0,0,0,0,1
430,1,1,28.0,0,0,26.55,0,0,0,0,1,0,0,0,0,0,0,0,1
131,0,1,20.0,0,0,7.05,0,1,0,0,0,0,0,0,0,0,0,0,1
50,0,1,7.0,4,1,39.6875,0,1,0,0,0,0,0,0,0,0,0,0,1
322,1,0,30.0,0,0,12.35,1,0,0,0,0,0,0,0,0,0,0,1,0
579,1,1,32.0,0,0,7.925,0,1,0,0,0,0,0,0,0,0,0,0,1
662,0,1,47.0,0,0,25.5875,0,0,0,0,0,0,1,0,0,0,0,0,1
806,0,1,39.0,0,0,0.0,0,0,1,0,0,0,0,0,0,0,0,0,1
838,1,1,32.0,0,0,56.4958,0,1,0,0,0,0,0,0,0,0,0,0,1
185,0,1,29.69911764705882,0,0,50.0,0,0,1,0,0,0,0,0,0,0,0,0,1
107,1,1,29.69911764705882,0,0,7.775,0,1,0,0,0,0,0,0,0,0,0,0,1
693,0,1,25.0,0,0,7.225,0,1,0,0,0,0,0,0,0,0,1,0,0
761,0,1,41.0,0,0,7.125,0,1,0,0,0,0,0,0,0,0,0,0,1
511,0,1,29.69911764705882,0,0,8.05,0,1,0,0,0,0,0,0,0,0,0,0,1
681,1,1,27.0,0,0,76.7292,0,0,0,0,0,1,0,0,0,0,1,0,0
571,1,0,53.0,2,0,51.4792,0,0,0,0,1,0,0,0,0,0,0,0,1
831,1,1,0.83,1,1,18.75,1,0,0,0,0,0,0,0,0,0,0,0,1
508,0,1,28.0,0,0,22.525,0,1,0,0,0,0,0,0,0,0,0,0,1
87,0,1,29.69911764705882,0,0,8.05,0,1,0,0,0,0,0,0,0,0,0,0,1
750,1,0,4.0,1,1,23.0,1,0,0,0,0,0,0,0,0,0,0,0,1
480,0,1,9.0,5,2,46.9,0,1,0,0,0,0,0,0,0,0,0,0,1
230,1,0,35.0,1,0,83.475,0,0,0,0,1,0,0,0,0,0,0,0,1
877,0,1,19.0,0,0,7.8958,0,1,0,0,0,0,0,0,0,0,0,0,1
249,0,1,54.0,1,0,26.0,1,0,0,0,0,0,0,0,0,0,0,0,1
61,1,0,38.0,0,0,80.0,0,0,0,1,0,0,0,0,0,0,0,0,0
550,1,1,17.0,0,2,110.8833,0,0,0,0,1,0,0,0,0,0,1,0,0
578,0,0,29.69911764705882,1,0,14.4583,0,1,0,0,0,0,0,0,0,0,1,0,0
718,0,1,29.69911764705882,0,0,15.5,0,1,0,0,0,0,0,0,0,0,0,1,0
295,0,1,29.69911764705882,0,0,27.7208,0,0,0,0,0,0,0,0,0,0,1,0,0
610,0,0,39.0,1,5,31.275,0,1,0,0,0,0,0,0,0,0,0,0,1
844,0,1,17.0,0,0,8.6625,0,1,0,0,0,0,0,0,0,0,0,0,1
103,0,1,33.0,0,0,8.6542,0,1,0,0,0,0,0,0,0,0,0,0,1
198,1,0,29.69911764705882,0,0,7.75,0,1,0,0,0,0,0,0,0,0,0,1,0
620,0,1,27.0,1,0,14.4542,0,1,0,0,0,0,0,0,0,0,1,0,0
229,0,0,29.69911764705882,3,1,25.4667,0,1,0,0,0,0,0,0,0,0,0,0,1
862,1,0,48.0,0,0,25.9292,0,0,0,0,0,1,0,0,0,0,0,0,1
301,1,1,29.69911764705882,2,0,23.25,0,1,0,0,0,0,0,0,0,0,0,1,0
839,1,1,29.69911764705882,0,0,29.7,0,0,0,0,1,0,0,0,0,0,1,0,0
28,1,0,29.69911764705882,0,0,7.8792,0,1,0,0,0,0,0,0,0,0,0,1,0
256,1,0,29.69911764705882,0,0,79.2,0,0,0,0,0,0,0,0,0,0,1,0,0
630,1,1,80.0,0,0,30.0,0,0,1,0,0,0,0,0,0,0,0,0,1
849,1,0,29.69911764705882,1,0,89.1042,0,0,0,0,1,0,0,0,0,0,1,0,0
496,1,0,54.0,1,0,78.2667,0,0,0,0,0,1,0,0,0,0,1,0,0
670,1,0,40.0,1,1,39.0,1,0,0,0,0,0,0,0,0,0,0,0,1
570,1,1,62.0,0,0,10.5,1,0,0,0,0,0,0,0,0,0,0,0,1
427,1,0,19.0,0,0,26.0,1,0,0,0,0,0,0,0,0,0,0,0,1
720,1,0,6.0,0,1,33.0,1,0,0,0,0,0,0,0,0,0,0,0,1
66,1,0,29.0,0,0,10.5,1,0,0,0,0,0,0,1,0,0,0,0,1
329,1,0,16.0,0,1,57.9792,0,0,0,1,0,0,0,0,0,0,1,0,0
635,1,0,28.0,0,0,13.0,1,0,0,0,0,0,0,0,0,0,0,0,1
737,1,1,35.0,0,0,512.3292,0,0,0,1,0,0,0,0,0,0,1,0,0
869,1,1,4.0,1,1,11.1333,0,1,0,0,0,0,0,0,0,0,0,0,1
483,1,0,63.0,0,0,9.5875,0,1,0,0,0,0,0,0,0,0,0,0,1
315,1,0,26.0,0,0,7.8542,0,1,0,0,0,0,0,0,0,0,0,0,1
400,1,1,39.0,0,0,7.925,0,1,0,0,0,0,0,0,0,0,0,0,1
375,1,0,29.69911764705882,1,0,82.1708,0,0,0,0,0,0,0,0,0,0,1,0,0
448,1,0,5.0,2,1,19.2583,0,1,0,0,0,0,0,0,0,0,1,0,0
615,1,0,24.0,1,2,65.0,1,0,0,0,0,0,0,0,0,0,0,0,1
241,1,0,29.69911764705882,1,0,15.5,0,1,0,0,0,0,0,0,0,0,0,1,0
368,1,0,29.69911764705882,0,0,7.75,0,1,0,0,0,0,0,0,0,0,0,1,0
455,1,1,29.0,0,0,7.8958,0,1,0,0,0,0,0,0,0,0,1,0,0
632,1,1,32.0,0,0,30.5,0,0,0,1,0,0,0,0,0,0,1,0,0
85,1,0,33.0,3,0,15.85,0,1,0,0,0,0,0,0,0,0,0,0,1
183,1,1,1.0,2,1,39.0,1,0,0,0,0,0,0,1,0,0,0,0,1
15,1,0,55.0,0,0,16.0,1,0,0,0,0,0,0,0,0,0,0,0,1
39,1,0,14.0,1,0,11.2417,0,1,0,0,0,0,0,0,0,0,1,0,0
802,1,1,11.0,1,2,120.0,0,0,0,1,0,0,0,0,0,0,0,0,1
660,1,1,50.0,2,0,133.65,0,0,0,0,0,0,0,0,0,0,0,0,1
310,1,0,24.0,0,0,83.1583,0,0,0,0,1,0,0,0,0,0,1,0,0
399,1,0,28.0,0,0,12.65,1,0,0,0,0,0,0,0,0,0,0,0,1
192,1,0,19.0,1,0,7.8542,0,1,0,0,0,0,0,0,0,0,0,0,1
133,1,0,29.0,1,0,26.0,1,0,0,0,0,0,0,0,0,0,0,0,1
755,1,1,0.67,1,1,14.5,1,0,0,0,0,0,0,0,0,0,0,0,1
513,1,0,54.0,1,0,59.4,0,0,0,0,0,0,0,0,0,0,1,0,0
458,1,0,50.0,0,0,10.5,1,0,0,0,0,0,0,0,0,0,0,0,1
556,1,0,48.0,1,0,39.6,0,0,1,0,0,0,0,0,0,0,1,0,0
208,1,0,16.0,0,0,7.75,0,1,0,0,0,0,0,0,0,0,0,1,0
751,1,1,6.0,0,1,12.475,0,1,0,0,0,0,1,0,0,0,0,0,1
367,1,0,29.69911764705882,0,0,7.2292,0,1,0,0,0,0,0,0,0,0,1,0,0
275,1,0,63.0,1,0,77.9583,0,0,0,0,0,1,0,0,0,0,0,0,1
576,1,0,34.0,0,0,13.0,1,0,0,0,0,0,0,0,0,0,0,0,1
220,1,1,16.0,0,0,8.05,0,1,0,0,0,0,0,0,0,0,0,0,1
161,1,0,40.0,0,0,15.75,1,0,0,0,0,0,0,0,0,0,0,0,1
823,1,0,27.0,0,1,12.475,0,1,0,0,0,0,1,0,0,0,0,0,1
125,1,1,12.0,1,0,11.2417,0,1,0,0,0,0,0,0,0,0,1,0,0
11,1,0,58.0,0,0,26.55,0,0,0,0,1,0,0,0,0,0,0,0,1
712,1,1,48.0,1,0,52.0,0,0,0,0,1,0,0,0,0,0,0,0,1
716,1,0,38.0,0,0,227.525,0,0,0,0,1,0,0,0,0,0,1,0,0
330,1,0,29.69911764705882,2,0,23.25,0,1,0,0,0,0,0,0,0,0,0,1,0
612,1,0,29.69911764705882,1,0,15.5,0,1,0,0,0,0,0,0,0,0,0,1,0
233,1,0,5.0,4,2,31.3875,0,1,0,0,0,0,0,0,0,0,0,0,1
577,1,0,39.0,1,0,55.9,0,0,0,0,0,0,1,0,0,0,0,0,1
724,1,1,27.0,1,0,53.1,0,0,0,0,0,0,1,0,0,0,0,0,1
341,1,0,24.0,3,2,263.0,0,0,0,0,1,0,0,0,0,0,0,0,1
747,1,0,30.0,0,0,13.0,1,0,0,0,0,0,0,0,0,0,0,0,1
97,1,1,23.0,0,1,63.3583,0,0,0,0,0,1,0,0,0,0,1,0,0
700,1,0,18.0,1,0,227.525,0,0,0,0,1,0,0,0,0,0,1,0,0
151,1,0,22.0,1,0,66.6,0,0,0,0,1,0,0,0,0,0,0,0,1
291,1,0,19.0,1,0,91.0792,0,0,0,1,0,0,0,0,0,0,1,0,0
142,1,0,24.0,1,0,15.85,0,1,0,0,0,0,0,0,0,0,0,0,1
855,1,0,18.0,0,1,9.35,0,1,0,0,0,0,0,0,0,0,0,0,1
68,1,0,17.0,4,2,7.925,0,1,0,0,0,0,0,0,0,0,0,0,1
549,1,1,8.0,1,1,36.75,1,0,0,0,0,0,0,0,0,0,0,0,1
186,1,0,29.69911764705882,1,0,15.5,0,1,0,0,0,0,0,0,0,0,0,1,0
651,1,0,18.0,0,1,23.0,1,0,0,0,0,0,0,0,0,0,0,0,1
600,1,0,24.0,2,1,27.0,1,0,0,0,0,0,0,0,0,0,0,0,1
286,1,1,30.0,0,0,9.5,0,1,0,0,0,0,0,0,0,0,0,0,1
193,1,1,3.0,1,1,26.0,1,0,0,0,0,0,0,1,0,0,0,0,1
194,1,0,44.0,0,0,27.7208,0,0,0,1,0,0,0,0,0,0,1,0,0
649,1,0,23.0,0,0,7.55,0,1,0,0,0,0,0,0,0,0,0,0,1
887,1,0,19.0,0,0,30.0,0,0,0,1,0,0,0,0,0,0,0,0,1
569,1,1,32.0,0,0,7.8542,0,1,0,0,0,0,0,0,0,0,0,0,1
581,1,0,39.0,1,1,110.8833,0,0,0,0,1,0,0,0,0,0,1,0,0
754,1,0,48.0,1,2,65.0,1,0,0,0,0,0,0,0,0,0,0,0,1
381,1,0,1.0,0,2,15.7417,0,1,0,0,0,0,0,0,0,0,1,0,0
690,1,1,31.0,1,0,57.0,0,0,0,1,0,0,0,0,0,0,0,0,1
184,1,0,4.0,0,2,22.025,0,1,0,0,0,0,0,0,0,0,0,0,1
215,1,0,31.0,1,0,113.275,0,0,0,0,0,1,0,0,0,0,1,0,0
486,1,0,35.0,1,0,90.0,0,0,0,0,1,0,0,0,0,0,0,0,1
460,1,1,48.0,0,0,26.55,0,0,0,0,0,0,1,0,0,0,0,0,1
224,1,1,38.0,1,0,90.0,0,0,0,0,1,0,0,0,0,0,0,0,1
777,1,0,5.0,0,0,12.475,0,1,0,0,0,0,0,0,0,0,0,0,1
437,1,0,24.0,2,3,18.75,1,0,0,0,0,0,0,0,0,0,0,0,1
804,1,1,27.0,0,0,6.975,0,1,0,0,0,0,0,0,0,0,0,0,1
123,1,0,32.5,0,0,13.0,1,0,0,0,0,0,1,0,0,0,0,0,1
82,1,0,29.69911764705882,0,0,7.7875,0,1,0,0,0,0,0,0,0,0,0,1,0
417,1,0,18.0,0,2,13.0,1,0,0,0,0,0,0,0,0,0,0,0,1
78,1,1,0.83,0,2,29.0,1,0,0,0,0,0,0,0,0,0,0,0,1
539,1,0,22.0,0,2,49.5,0,0,0,1,0,0,0,0,0,0,1,0,0
516,1,0,34.0,0,0,10.5,1,0,0,0,0,0,0,1,0,0,0,0,1
692,1,1,29.69911764705882,0,0,56.4958,0,1,0,0,0,0,0,0,0,0,0,0,1
289,1,0,22.0,0,0,7.75,0,1,0,0,0,0,0,0,0,0,0,1,0
518,1,0,36.0,1,0,26.0,1,0,0,0,0,0,0,0,0,0,0,0,1
429,1,1,32.0,0,0,8.05,0,1,0,0,0,0,1,0,0,0,0,0,1
879,1,0,56.0,0,1,83.1583,0,0,0,0,1,0,0,0,0,0,1,0,0
587,1,1,60.0,1,1,79.2,0,0,0,1,0,0,0,0,0,0,1,0,0
79,1,0,30.0,0,0,12.475,0,1,0,0,0,0,0,0,0,0,0,0,1
786,1,0,18.0,0,0,7.4958,0,1,0,0,0,0,0,0,0,0,0,0,1
43,1,0,3.0,1,2,41.5792,1,0,0,0,0,0,0,0,0,0,1,0,0
509,1,1,26.0,0,0,56.4958,0,1,0,0,0,0,0,0,0,0,0,0,1
259,1,0,50.0,0,1,26.0,1,0,0,0,0,0,0,0,0,0,0,0,1
274,1,0,29.69911764705882,0,0,7.75,0,1,0,0,0,0,0,0,0,0,0,1,0
774,1,0,54.0,1,3,23.0,1,0,0,0,0,0,0,0,0,0,0,0,1
288,1,1,42.0,0,0,13.0,1,0,0,0,0,0,0,0,0,0,0,0,1
829,1,0,62.0,0,0,80.0,0,0,0,1,0,0,0,0,0,0,0,0,0
537,1,0,30.0,0,0,106.425,0,0,0,0,0,0,0,0,0,0,1,0,0
653,1,0,29.69911764705882,0,0,7.8292,0,1,0,0,0,0,0,0,0,0,0,1,0
255,1,0,29.0,0,2,15.2458,0,1,0,0,0,0,0,0,0,0,1,0,0
190,1,0,32.0,0,0,13.0,1,0,0,0,0,0,0,0,0,0,0,0,1
871,1,0,47.0,1,1,52.5542,0,0,0,0,0,1,0,0,0,0,0,0,1
742,1,0,21.0,2,2,262.375,0,0,0,1,0,0,0,0,0,0,1,0,0
765,1,0,51.0,1,0,77.9583,0,0,0,0,0,1,0,0,0,0,0,0,1
763,1,0,36.0,1,2,120.0,0,0,0,1,0,0,0,0,0,0,0,0,1
889,1,1,26.0,0,0,30.0,0,0,0,0,1,0,0,0,0,0,1,0,0
469,1,0,0.75,2,1,19.2583,0,1,0,0,0,0,0,0,0,0,1,0,0
393,1,0,23.0,1,0,113.275,0,0,0,0,0,1,0,0,0,0,1,0,0
218,1,0,32.0,0,0,76.2917,0,0,0,0,0,1,0,0,0,0,1,0,0
271,1,1,25.0,0,0,0.0,0,1,0,0,0,0,0,0,0,0,0,0,1
